-88.00001755107353,-88.12924238653521,     -50.5,        27
-88.00006016619602,-88.16700942269186,       -42,        23
-88.00010191250331,-88.20477805229406,       -35,        22
-88.00014278994094,-88.2425482426176,     -26.5,        22
-88.0001827984556,-88.28031996093014,       -19,        20
-88.00022193799508,-88.31809317449138,     -12.5,        19
-88.00026020850834,-88.35586785055321,        -5,        20
-88.00029760994541,-88.39364395635994,       2.5,        18
-88.0003341422575,-88.43142145914837,         9,        19
-88.00036980539696,-88.46920032614808,      16.5,        20
-88.00040459931721,-88.50698052458149,        22,        18
-88.00043852397286,-88.5447620216641,        29,        19
-88.00047157931961,-88.58254478460464,      35.5,        19
-88.00050376531433,-88.62032878060523,      42.5,        14
-88.000535081915,-88.65811397686156,        45,         8
-88.00056552908075,-88.69590034056307,        46,        16
-88.00059510677178,-88.7336878388931,      56.5,        23
-88.00062381494952,-88.77147643902907,      62.5,        18
-88.00065165357647,-88.80926610814267,      67.5,        15
-88.00067862261626,-88.84705681339999,        72,        14
-88.00070472203369,-88.88484852196171,        77,        14
-88.00072995179467,-88.92264120098332,        82,        14
-88.00075431186625,-88.96043481761518,        86,        14
-88.0007778022166,-88.99822933900279,        90,        11
-88.00080042281508,-89.03602473228696,      91.5,        12
-88.00082217363209,-89.07382096460387,        98,        13
-88.00084305463923,-89.1116180030854,       101,        12
-88.00086306580924,-89.14941581485917,     104.5,        14
-88.00088220711598,-89.18721436704877,     109.5,        16
-88.00090047853442,-89.22501362677396,     114.5,        15
-88.00091788004072,-89.26281356115074,       119,        17
-88.00093441161211,-89.30061413729165,       124,        16
-88.000950073227,-89.33841532230585,     129.5,        14
-88.00096486486494,-89.37621708329932,       134,        14
-88.00097878650659,-89.41401938737503,       139,        14
-88.00099183813376,-89.45182220163314,     143.5,        13
-88.00100401972941,-89.48962549317112,       147,        15
-88.00101533127759,-89.52742922908392,     153.5,        17
-88.00102577276355,-89.56523337646425,     158.5,        16
-88.00103534417363,-89.60303790240256,     163.5,        17
-88.00104404549532,-89.64084277398743,       169,        16
-88.00105187671726,-89.67864795830559,       173,        15
-88.00105883782919,-89.7164534224421,       177,        15
-88.00106492882205,-89.75425913348062,       180,        16
-88.00107014968783,-89.79206505850347,     183.5,        17
-88.00107450041976,-89.82987116459191,       186,        18
-88.00107798101212,-89.86767741882616,     190.5,        19
-88.00108059146038,-89.90548378828579,     195.5,        20
-88.0010823317611,-89.94329024004965,     200.5,        20
-88.00108320191204,-89.98109674119624,     205.5,        21
-88.00108320191204,-90.01890325880376,       212,        22
-88.0010823317611,-90.05670975995035,     216.5,        24
-88.00108059146038,-90.09451621171422,     225.5,        23
-88.00107798101212,-90.13232258117384,     229.5,        22
-88.00107450041976,-90.17012883540809,       235,        21
-88.00107014968783,-90.20793494149653,     238.5,        21
-88.00106492882205,-90.24574086651938,     241.5,        26
-88.00105883782919,-90.2835465775579,     248.5,        32
-88.00105187671726,-90.32135204169441,       256,        31
-88.00104404549532,-90.35915722601257,       262,        26
-88.00103534417363,-90.39696209759744,     267.5,        23
-88.00102577276355,-90.43476662353575,       273,        23
-88.00101533127759,-90.47257077091608,       279,        22
-88.00100401972941,-90.51037450682888,     284.5,        22
-88.00099183813376,-90.54817779836686,     289.5,        23
-88.00097878650659,-90.58598061262497,       295,        25
-88.00096486486494,-90.62378291670068,       302,        23
-88.000950073227,-90.66158467769415,       307,        20
-88.00093441161211,-90.69938586270835,       312,        19
-88.00091788004072,-90.73718643884926,       318,        11
-88.00090047853442,-90.77498637322604,       317,         8
-88.00088220711598,-90.81278563295123,       323,        17
-88.00086306580924,-90.85058418514083,     327.5,        18
-88.00084305463923,-90.8883819969146,       329,        19
-88.00082217363209,-90.92617903539613,       331,        19
-88.00080042281508,-90.96397526771304,     334.5,        17
-88.0007778022166,-91.00177066099721,     336.5,        16
-88.00075431186625,-91.03956518238483,       340,        17
-88.00072995179467,-91.07735879901668,       342,        17
-88.00070472203369,-91.11515147803829,     344.5,        18
-88.00067862261626,-91.15294318660003,     348.5,        18
-88.00065165357647,-91.19073389185733,       351,        18
-88.00062381494952,-91.22852356097094,       353,        19
-88.00059510677178,-91.2663121611069,     354.5,        18
-88.00056552908075,-91.30409965943693,     357.5,        18
-88.000535081915,-91.34188602313844,       356,        19
-88.00050376531433,-91.37967121939477,       359,        20
-88.00047157931961,-91.41745521539536,     361.5,        20
-88.00043852397286,-91.4552379783359,       364,        18
-88.00040459931721,-91.49301947541851,       364,        17
-88.00036980539696,-91.53079967385193,     363.5,        19
-88.0003341422575,-91.56857854085163,     363.5,        19
-88.00029760994541,-91.60635604364006,     362.5,        16
-88.00026020850834,-91.64413214944679,       362,        14
-88.00022193799508,-91.68190682550862,       363,        16
-88.0001827984556,-91.71968003906987,       360,        20
-88.00014278994094,-91.7574517573824,     357.5,        23
-88.00010191250331,-91.79522194770594,     355.5,        24
-88.00006016619602,-91.83299057730814,     352.5,        29
-88.00001755107353,-91.87075761346479,     347.5,        29
-88.00005146915844,-87.22156600127811,       -94,         7
-88.00011495840319,-87.25930979140973,       -97,         7
-88.00017757990825,-87.29705596218528,       -99,         8
-88.00023933359205,-87.33480448106242,      -101,        13
-88.00030021937413,-87.37255531548661,    -108.5,        17
-88.0003602371751,-87.41030843289128,    -112.5,        15
-88.0004193869168,-87.44806380069804,      -116,        17
-88.00047766852209,-87.48582138631673,    -122.5,        19
-88.000535081915,-87.5235811571457,    -128.5,        17
-88.0005916270207,-87.5613430805719,      -132,        13
-88.00064730376543,-87.59910712397111,      -132,        11
-88.0007021120766,-87.63687325470808,    -130.5,        12
-88.00075605188273,-87.67464144013668,    -132.5,        10
-88.00080912311346,-87.71241164760011,    -131.5,        10
-88.00086132569955,-87.75018384443099,    -126.5,        15
-88.0009126595729,-87.78795799795165,      -120,        16
-88.00096312466655,-87.82573407547417,      -116,        16
-88.00101272091463,-87.86351204430066,      -110,        18
-88.00106144825243,-87.90129187172333,    -103.5,        20
-88.00110930661633,-87.93907352502478,     -94.5,        21
-88.00115629594387,-87.97685697147799,     -87.5,        22
-88.00120241617374,-88.01464217834669,     -79.5,        23
-88.00124766724569,-88.05242911288539,     -70.5,        22
-88.00129204910066,-88.0902177423396,       -62,        22
-88.00133556168068,-88.12800803394599,     -54.5,        25
-88.00137820492895,-88.16579995493257,       -45,        24
-88.00141997878977,-88.20359347251886,       -37,        22
-88.00146088320857,-88.24138855391605,     -29.5,        23
-88.00150091813194,-88.27918516632712,     -20.5,        21
-88.00154008350755,-88.31698327694718,     -13.5,        19
-88.00157837928427,-88.3547828529634,      -6.5,        18
-88.00161580541206,-88.39258386155537,         0,        17
-88.00165236184199,-88.43038626989519,       5.5,        19
-88.00168804852632,-88.46819004514765,      12.5,        22
-88.0017228654184,-88.50599515447043,        21,        19
-88.00175681247273,-88.54380156501419,      25.5,        19
-88.00178988964495,-88.58160924392286,      34.5,        19
-88.00182209689183,-88.61941815833369,        40,        14
-88.00185343417125,-88.65722827537752,        44,         7
-88.00188390144226,-88.69503956217891,      43.5,        11
-88.00191349866502,-88.73285198585627,        50,        20
-88.00194222580085,-88.7706655135221,        60,        20
-88.00197008281216,-88.80848011228315,      66.5,        16
-88.00199706966255,-88.84629574924053,        72,        13
-88.00202318631673,-88.88411239148996,        76,        12
-88.00204843274055,-88.92193000612188,        80,        12
-88.00207280890098,-88.9597485602217,      83.5,        12
-88.00209631476615,-88.99756802086985,      87.5,        11
-88.00211895030532,-89.03538835514208,        90,        12
-88.00214071548886,-89.07320953010952,        95,        12
-88.00216161028833,-89.11103151283895,        98,        12
-88.00218163467639,-89.14885427039295,       101,        15
-88.00220078862684,-89.18667776982996,       106,        16
-88.00221907211463,-89.2245019782046,     110.5,        15
-88.00223648511583,-89.2623268625678,       114,        17
-88.00225302760768,-89.30015238996693,     121.5,        17
-88.00226869956852,-89.33797852744598,     126.5,        15
-88.00228350097785,-89.3758052420458,     131.5,        14
-88.0022974318163,-89.41363250080416,       136,        15
-88.00231049206565,-89.45146027075603,     140.5,        14
-88.0023226817088,-89.48928851893369,     145.5,        16
-88.00233400072982,-89.52711721236692,       150,        17
-88.00234444911389,-89.56494631808317,     154.5,        16
-88.00235402684733,-89.60277580310775,     159.5,        21
-88.00236273391761,-89.64060563446395,       166,        24
-88.00237057031333,-89.67843577917327,     168.5,        20
-88.00237753602424,-89.71626620425559,       172,        16
-88.00238363104124,-89.75409687672929,       176,        15
-88.00238885535633,-89.79192776361148,     178.5,        14
-88.00239320896269,-89.82975883191813,       182,        15
-88.00239669185461,-89.86759004866427,       186,        17
-88.00239930402753,-89.90542138086414,       189,        19
-88.00240104547807,-89.94325279553141,     194.5,        21
-88.00240191620389,-89.98108425967928,     198.5,        22
-88.00240191620389,-90.01891574032072,       203,        24
-88.00240104547807,-90.05674720446859,       209,        25
-88.00239930402753,-90.09457861913586,       216,        26
-88.00239669185461,-90.13240995133573,     221.5,        27
-88.00239320896269,-90.17024116808187,     228.5,        24
-88.00238885535633,-90.20807223638852,       230,        23
-88.00238363104124,-90.24590312327071,     232.5,        24
-88.00237753602424,-90.28373379574441,       237,        27
-88.00237057031333,-90.32156422082673,     244.5,        30
-88.00236273391761,-90.35939436553605,       255,        29
-88.00235402684733,-90.39722419689227,       261,        25
-88.00234444911389,-90.43505368191683,       266,        24
-88.00233400072982,-90.47288278763308,       273,        23
-88.0023226817088,-90.51071148106631,       279,        21
-88.00231049206565,-90.54853972924397,       281,        22
-88.0022974318163,-90.58636749919584,     288.5,        24
-88.00228350097785,-90.62419475795421,       296,        24
-88.00226869956852,-90.66202147255402,     301.5,        22
-88.00225302760768,-90.69984761003307,     305.5,        23
-88.00223648511583,-90.7376731374322,       310,        23
-88.00221907211463,-90.7754980217954,       314,        21
-88.00220078862684,-90.81332223017004,       318,        21
-88.00218163467639,-90.85114572960705,       319,        21
-88.00216161028833,-90.88896848716105,     320.5,        21
-88.00214071548886,-90.92679046989048,     323.5,        22
-88.00211895030532,-90.96461164485792,     328.5,        22
-88.00209631476615,-91.00243197913015,       331,        21
-88.00207280890098,-91.0402514397783,     333.5,        20
-88.00204843274055,-91.07806999387812,     335.5,        20
-88.00202318631673,-91.11588760851004,       338,        20
-88.00199706966255,-91.15370425075947,       342,        21
-88.00197008281216,-91.19151988771685,     343.5,        21
-88.00194222580085,-91.2293344864779,     345.5,        21
-88.00191349866502,-91.26714801414373,     348.5,        21
-88.00188390144226,-91.30496043782109,     350.5,        21
-88.00185343417125,-91.34277172462248,       352,        19
-88.00182209689183,-91.38058184166631,       353,        20
-88.00178988964495,-91.41839075607714,       354,        22
-88.00175681247273,-91.45619843498581,       356,        22
-88.0017228654184,-91.49400484552957,       358,        21
-88.00168804852632,-91.53180995485235,     354.5,        22
-88.00165236184199,-91.56961373010481,       355,        22
-88.00161580541206,-91.60741613844463,       356,        22
-88.00157837928427,-91.6452171470366,     357.5,        21
-88.00154008350755,-91.68301672305282,       357,        21
-88.00150091813194,-91.72081483367288,     353.5,        22
-88.00146088320857,-91.75861144608396,     349.5,        23
-88.00141997878977,-91.79640652748114,       346,        25
-88.00137820492895,-91.83420004506743,     340.5,        25
-88.00133556168068,-91.87199196605401,       337,        24
-88.00129204910066,-91.90978225766041,       343,        28
-88.00124766724569,-91.94757088711461,     345.5,        29
-88.00120241617374,-91.98535782165331,     347.5,        29
-88.00115629594387,-92.02314302852201,     350.5,        29
-88.00110930661633,-92.06092647497522,     353.5,        28
-88.00106144825243,-92.09870812827667,     354.5,        27
-88.00101272091463,-92.13648795569935,     355.5,        25
-88.00096312466655,-92.17426592452583,     356.5,        25
-88.0009126595729,-92.21204200204836,     354.5,        27
-88.00086132569955,-92.24981615556901,     354.5,        25
-88.00080912311346,-92.28758835239989,     356.5,        21
-88.00075605188273,-92.32535855986332,     358.5,        18
-88.0007021120766,-92.36312674529192,     355.5,        18
-88.00064730376543,-92.40089287602889,     353.5,        18
-88.0005916270207,-92.4386569194281,       353,        19
-88.000535081915,-92.4764188428543,     353.5,        22
-88.00047766852209,-92.51417861368327,     355.5,        23
-88.0004193869168,-92.55193619930196,     358.5,        26
-88.0003602371751,-92.58969156710872,     363.5,        30
-88.00030021937413,-92.62744468451339,       365,        33
-88.00023933359205,-92.66519551893758,       365,        35
-88.00017757990825,-92.70294403781472,     366.5,        35
-88.00011495840319,-92.74069020859027,     369.5,        35
-88.00005146915844,-92.77843399872191,     368.5,        35
-88.0000766906717,-86.54034307704228,     -65.5,         6
-88.00015583610771,-86.57806319248779,       -68,         6
-88.00023411489707,-86.61578627791432,     -71.5,         5
-88.00031152693792,-86.65351230096444,     -71.5,         1
-88.00038807212954,-86.69124122926542,       -71,         2
-88.00046375037228,-86.72897303042951,     -70.5,         3
-88.00053856156761,-86.7667076720541,     -69.5,         5
-88.00061250561814,-86.80444512172174,     -68.5,         6
-88.00068558242756,-86.84218534700052,       -69,         7
-88.00075779190072,-86.87992831544406,       -68,         7
-88.00082913394354,-86.91767399459175,       -70,         7
-88.00089960846309,-86.95542235196892,     -72.5,         5
-88.00096921536753,-86.99317335508698,       -74,         5
-88.00103795456616,-87.03092697144361,     -75.5,         7
-88.00110582596938,-87.06868316852288,       -78,        11
-88.00117282948872,-87.10644191379551,     -83.5,        13
-88.00123896503683,-87.1442031747189,     -86.5,        12
-88.0013042325275,-87.18196691873743,       -91,        10
-88.00136863187558,-87.21973311328256,       -94,         9
-88.00143216299711,-87.25750172577298,     -97.5,        11
-88.0014948258092,-87.29527272361481,    -101.5,        13
-88.00155662023013,-87.33304607420179,      -106,        15
-88.00161754617926,-87.37082174491538,      -111,        16
-88.00167760357708,-87.40859970312498,    -115.5,        16
-88.00173679234523,-87.44637991618808,    -121.5,        18
-88.00179511240646,-87.48416235145044,    -127.5,        17
-88.00185256368462,-87.52194697624621,      -132,        13
-88.00190914610474,-87.55973375789823,      -136,         9
-88.00196485959293,-87.59752266371798,      -136,        10
-88.00201970407643,-87.63531366100595,      -136,        11
-88.00207367948364,-87.67310671705171,    -134.5,         9
-88.00212678574405,-87.71090179913412,    -131.5,        10
-88.0021790227883,-87.74869887452145,      -128,        13
-88.00223039054814,-87.78649791047158,      -124,        15
-88.00228088895646,-87.82429887423221,      -119,        17
-88.00233051794729,-87.86210173304093,    -111.5,        18
-88.00237927745577,-87.89990645412549,    -104.5,        19
-88.00242716741818,-87.93771300470387,       -98,        22
-88.00247418777192,-87.97552135198455,       -89,        24
-88.00252033845555,-88.01333146316662,     -80.5,        23
-88.00256561940871,-88.05114330544001,       -72,        22
-88.00261003057224,-88.08895684598552,     -64.5,        20
-88.00265357188803,-88.12677205197515,     -57.5,        23
-88.00269624329918,-88.1645888905722,       -48,        24
-88.00273804474988,-88.20240732893143,       -39,        22
-88.00277897618544,-88.24022733419925,       -31,        23
-88.00281903755234,-88.27804887351388,       -22,        22
-88.00285822879819,-88.31587191400554,       -15,        20
-88.00289654987171,-88.35369642279659,      -8.5,        17
-88.00293400072277,-88.39152236700173,      -3.5,        15
-88.00297058130236,-88.42934971372817,         2,        17
-88.00300629156264,-88.46717843007576,         9,        21
-88.00304113145688,-88.50500848313723,      18.5,        22
-88.00307510093945,-88.54283983999828,        25,        21
-88.00310819996595,-88.58067246773783,      32.5,        20
-88.00314042849301,-88.6185063334281,      39.5,        16
-88.00317178647849,-88.65634140413493,        44,        10
-88.0032022738813,-88.69417764691778,      47.5,        11
-88.00323189066157,-88.73201502883001,        52,        17
-88.0032606367805,-88.76985351691901,      58.5,        18
-88.00328851220047,-88.80769307822639,      64.5,        16
-88.00331551688497,-88.84553367978816,      69.5,        14
-88.00334165079866,-88.88337528863485,      73.5,        14
-88.0033669139073,-88.92121787179177,      78.5,        13
-88.00339130617783,-88.95906139627908,      81.5,        12
-88.0034148275783,-88.99690582911207,      85.5,        12
-88.00343747807788,-89.03475113730121,        89,        11
-88.00345925764695,-89.07259728785246,      92.5,        12
-88.00348016625695,-89.11044424776729,      94.5,        12
-88.00350020388051,-89.14829198404303,        97,        16
-88.00351937049138,-89.18614046367286,       103,        17
-88.00353766606445,-89.22398965364611,     106.5,        15
-88.00355509057576,-89.26183952094839,       112,        17
-88.00357164400248,-89.29969003256174,     119.5,        18
-88.00358732632291,-89.33754115546486,       124,        16
-88.00360213751654,-89.37539285663324,     129.5,        15
-88.00361607756395,-89.41324510303932,       134,        14
-88.00362914644685,-89.4510978616527,     137.5,        13
-88.00364134414816,-89.4889510994403,       141,        16
-88.00365267065187,-89.52680478336653,     147.5,        16
-88.00366312594316,-89.56465888039345,       152,        14
-88.0036727100083,-89.60251335748099,     148.5,        20
-88.00368142283476,-89.64036818158705,     150.5,        28
-88.00368926441112,-89.67822331966772,       164,        25
-88.00369623472709,-89.7160787386775,     166.5,        18
-88.00370233377355,-89.7539344055693,     171.5,        18
-88.00370756154248,-89.79179028729487,       174,        17
-88.00371191802708,-89.82964635080474,       178,        18
-88.00371540322159,-89.86750256304852,     180.5,        18
-88.00371801712149,-89.90535889097504,       184,        18
-88.00371975972331,-89.94321530153252,     187.5,        19
-88.00372063102479,-89.98107176166874,       191,        21
-88.00372063102479,-90.01892823833126,       197,        24
-88.00371975972331,-90.0567846984675,       205,        24
-88.00371801712149,-90.09464110902496,     206.5,        27
-88.00371540322159,-90.13249743695148,     212.5,        31
-88.00371191802708,-90.17035364919526,     218.5,        29
-88.00370756154248,-90.20820971270513,     221.5,        26
-88.00370233377355,-90.2460655944307,     226.5,        26
-88.00369623472709,-90.28392126132252,       232,        26
-88.00368926441112,-90.32177668033228,     237.5,        29
-88.00368142283476,-90.35963181841295,     245.5,        30
-88.0036727100083,-90.39748664251901,     252.5,        28
-88.00366312594316,-90.43534111960655,       260,        28
-88.00365267065187,-90.47319521663347,     266.5,        26
-88.00364134414816,-90.5110489005597,       272,        22
-88.00362914644685,-90.5489021383473,       276,        22
-88.00361607756395,-90.58675489696068,     283.5,        24
-88.00360213751654,-90.62460714336676,     288.5,        25
-88.00358732632291,-90.66245884453514,     294.5,        26
-88.00357164400248,-90.70030996743826,       297,        25
-88.00355509057576,-90.73816047905163,     300.5,        26
-88.00353766606445,-90.77601034635389,       305,        26
-88.00351937049138,-90.81385953632714,       308,        26
-88.00350020388051,-90.85170801595697,     311.5,        24
-88.00348016625695,-90.88955575223271,     314.5,        23
-88.00345925764695,-90.92740271214755,     314.5,        25
-88.00343747807788,-90.96524886269879,     319.5,        26
-88.0034148275783,-91.00309417088793,       323,        23
-88.00339130617783,-91.04093860372092,     325.5,        22
-88.0033669139073,-91.07878212820823,       328,        22
-88.00334165079866,-91.11662471136515,       331,        24
-88.00331551688497,-91.15446632021184,     334.5,        25
-88.00328851220047,-91.19230692177361,       335,        23
-88.0032606367805,-91.23014648308099,     338.5,        22
-88.00323189066157,-91.26798497116999,       340,        23
-88.0032022738813,-91.30582235308222,       341,        24
-88.00317178647849,-91.34365859586508,     342.5,        24
-88.00314042849301,-91.3814936665719,       345,        22
-88.00310819996595,-91.41932753226217,     345.5,        21
-88.00307510093945,-91.45716016000172,     346.5,        22
-88.00304113145688,-91.49499151686277,     349.5,        23
-88.00300629156264,-91.53282156992424,       346,        22
-88.00297058130236,-91.57065028627183,       346,        23
-88.00293400072277,-91.60847763299827,     346.5,        25
-88.00289654987171,-91.64630357720341,       347,        26
-88.00285822879819,-91.68412808599447,       348,        27
-88.00281903755234,-91.72195112648612,       344,        27
-88.00277897618544,-91.75977266580075,       342,        26
-88.00273804474988,-91.79759267106857,       338,        24
-88.00269624329918,-91.8354111094278,     334.5,        23
-88.00265357188803,-91.87322794802485,       330,        22
-88.00261003057224,-91.91104315401448,       331,        26
-88.00256561940871,-91.94885669455999,       335,        28
-88.00252033845555,-91.98666853683338,     336.5,        31
-88.00247418777192,-92.02447864801545,       339,        34
-88.00242716741818,-92.06228699529613,       341,        34
-88.00237927745577,-92.10009354587451,     341.5,        33
-88.00233051794729,-92.13789826695907,       346,        33
-88.00228088895646,-92.17570112576779,     344.5,        33
-88.00223039054814,-92.21350208952842,     343.5,        31
-88.0021790227883,-92.25130112547855,     344.5,        28
-88.00212678574405,-92.28909820086588,       348,        25
-88.00207367948364,-92.32689328294829,     349.5,        21
-88.00201970407643,-92.36468633899406,       350,        19
-88.00196485959293,-92.40247733628203,       348,        17
-88.00190914610474,-92.44026624210177,       347,        17
-88.00185256368462,-92.47805302375379,       346,        18
-88.00179511240646,-92.51583764854956,       349,        19
-88.00173679234523,-92.55362008381194,       350,        24
-88.00167760357708,-92.59140029687502,       351,        32
-88.00161754617926,-92.62917825508462,     348.5,        39
-88.00155662023013,-92.66695392579821,     350.5,        39
-88.0014948258092,-92.70472727638519,     352.5,        36
-88.00143216299711,-92.74249827422702,     353.5,        36
-88.00136863187558,-92.78026688671744,     354.5,        34
-88.0013042325275,-92.81803308126257,       361,        33
-88.00123896503683,-92.8557968252811,     366.5,        31
-88.00117282948872,-92.89355808620449,       367,        29
-88.00110582596938,-92.93131683147712,     371.5,        29
-88.00103795456616,-92.96907302855639,     374.5,        31
-88.00096921536753,-93.00682664491302,     377.5,        33
-88.00089960846309,-93.04457764803108,       379,        34
-88.00082913394354,-93.08232600540825,     383.5,        32
-88.00075779190072,-93.12007168455594,     385.5,        31
-88.00068558242756,-93.15781465299948,     390.5,        31
-88.00061250561814,-93.19555487827826,       394,        30
-88.00053856156761,-93.2332923279459,       396,        30
-88.00046375037228,-93.27102696957049,     396.5,        32
-88.00038807212954,-93.30875877073458,     400.5,        34
-88.00031152693792,-93.34648769903556,     402.5,        34
-88.00023411489707,-93.38421372208568,     399.5,        32
-88.00015583610771,-93.42193680751221,     401.5,        30
-88.0000766906717,-93.45965692295773,     403.5,        28
-88.00000798453829,-85.93457437842098,       -52,         9
-88.00010104277968,-85.97226724325829,     -54.5,        11
-88.00019323559117,-86.00996360046406,     -58.5,        12
-88.00028456285295,-86.04766341788424,       -62,        13
-88.00037502444637,-86.08536666334683,     -64.5,        12
-88.00046462025379,-86.12307330466221,       -64,        10
-88.00055335015877,-86.16078330962311,       -63,         9
-88.0006412140459,-86.19849664600488,       -62,         8
-88.00072821180092,-86.23621328156568,       -63,         9
-88.00081434331068,-86.27393318404648,     -64.5,         9
-88.00089960846309,-86.31165632117147,       -66,         7
-88.00098400714722,-86.34938266064798,     -66.5,         3
-88.00106753925323,-86.3871121701668,     -66.5,         2
-88.00115020467238,-86.42484481740227,     -64.5,         3
-88.00123200329706,-86.46258057001248,     -63.5,         1
-88.00131293502075,-86.50031939563944,     -63.5,         2
-88.00139299973804,-86.53806126190919,       -65,         5
-88.00147219734468,-86.57580613643201,       -67,         6
-88.00155052773746,-86.61355398680257,     -69.5,         5
-88.00162799081434,-86.65130478060009,       -70,         4
-88.00170458647436,-86.68905848538856,     -69.5,         4
-88.0017803146177,-86.72681506871677,     -68.5,         4
-88.00185517514564,-86.76457449811865,     -67.5,         4
-88.00192916796058,-86.80233674111328,       -67,         3
-88.00200229296605,-86.84010176520515,     -66.5,         2
-88.00207455006668,-86.87786953788429,     -67.5,         3
-88.00214593916823,-86.91564002662646,     -69.5,         6
-88.00221646017755,-86.95341319889329,       -72,         5
-88.00228611300265,-86.99118902213245,     -73.5,         8
-88.00235489755264,-87.02896746377782,     -77.5,        13
-88.00242281373775,-87.06674849124967,     -82.5,        16
-88.00248986146934,-87.10453207195479,     -86.5,        16
-88.00255604065987,-87.14231817328672,       -90,        15
-88.00262135122296,-87.18010676262585,       -94,        14
-88.00268579307331,-87.21789780733963,     -96.5,        14
-88.00274936612678,-87.25569127478272,    -100.5,        16
-88.00281207030032,-87.29348713229716,      -105,        15
-88.00287390551205,-87.33128534721253,    -109.5,        15
-88.00293487168116,-87.36908588684615,    -113.5,        14
-88.002994968728,-87.40688871850321,    -117.5,        15
-88.00305419657404,-87.44469380947695,    -124.5,        17
-88.00311255514188,-87.48250112704881,    -129.5,        14
-88.00317004435526,-87.52031063848867,      -133,        10
-88.00322666413898,-87.55812231105494,    -136.5,        10
-88.00328241441906,-87.59593611199479,    -139.5,        10
-88.00333729512261,-87.63375200854421,      -140,        11
-88.00339130617783,-87.67156996792833,    -137.5,        12
-88.00344444751411,-87.70938995736148,    -134.5,        12
-88.00349671906196,-87.74721194404738,    -129.5,        13
-88.00354812075297,-87.78503589517939,    -124.5,        15
-88.00359865251991,-87.82286177794052,    -118.5,        18
-88.00364831429668,-87.86068955950377,    -112.5,        19
-88.00369710601829,-87.89851920703218,    -106.5,        18
-88.00374502762089,-87.93635068767907,     -99.5,        21
-88.00379207904177,-87.97418396858816,     -90.5,        25
-88.00383826021935,-88.01201901689379,     -80.5,        22
-88.00388357109317,-88.04985579972102,     -73.5,        21
-88.0039280116039,-88.08769428418586,     -65.5,        22
-88.00397158169341,-88.12553443739547,       -58,        22
-88.00401428130459,-88.16337622644825,       -49,        22
-88.00405611038157,-88.20121961843404,     -41.5,        23
-88.00409706886957,-88.2390645804343,     -32.5,        23
-88.00413715671493,-88.27691107952228,       -25,        21
-88.00417637386515,-88.31475908276322,     -17.5,        20
-88.00421472026886,-88.35260855721442,       -10,        18
-88.00425219587585,-88.39045946992559,        -5,        15
-88.004288800637,-88.4283117879388,         1,        16
-88.00432453450436,-88.46616547828886,         7,        18
-88.0043593974311,-88.50402050800331,      12.5,        21
-88.00439338937156,-88.54187684410277,      21.5,        21
-88.00442651028118,-88.57973445360095,        29,        20
-88.00445876011655,-88.61759330350495,        37,        18
-88.00449013883541,-88.6554533608153,      42.5,        15
-88.00452064639663,-88.69331459252628,        48,        13
-88.00455028276022,-88.73117696562601,      52.5,        14
-88.00457904788735,-88.76904044709659,      57.5,        15
-88.00460694174028,-88.80690500391434,        62,        16
-88.00463396428246,-88.84477060304997,        66,        16
-88.00466011547846,-88.88263721146868,      70.5,        15
-88.00468539529398,-88.92050479613043,      75.5,        13
-88.00470980369589,-88.95837332399003,      78.5,        12
-88.00473334065217,-88.99624276199737,        82,        13
-88.00475600613196,-89.03411307709754,      86.5,        13
-88.00477780010554,-89.07198423623107,      87.5,        12
-88.00479872254432,-89.10985620633409,      90.5,        12
-88.00481877342087,-89.14772895433838,      92.5,        15
-88.00483795270888,-89.18560244717173,      98.5,        17
-88.00485626038321,-89.22347665175801,       104,        16
-88.00487369641984,-89.26135153501733,       110,        17
-88.00489026079588,-89.29922706386625,     114.5,        17
-88.00490595348963,-89.337103205218,     119.5,        19
-88.00492077448047,-89.3749799259825,     125.5,        19
-88.00493472374899,-89.41285719306673,       131,        16
-88.00494780127688,-89.45073497337472,     134.5,        13
-88.00496000704699,-89.4886132338079,       138,        15
-88.00497134104329,-89.52649194126508,     143.5,        16
-88.00498180325091,-89.56437106264279,       146,        11
-88.00499139365614,-89.6022505648354,       145,         5
-88.00500011224639,-89.64013041473525,       145,        17
-88.00500795901021,-89.67801057923286,     157.5,        21
-88.00501493393733,-89.7158910252171,       160,        20
-88.00502103701857,-89.75377171957538,     165.5,        22
-88.00502626824593,-89.79165262919381,     167.5,        21
-88.00503062761256,-89.82953372095731,       170,        22
-88.00503411511272,-89.86741496174993,       175,        24
-88.00503673074185,-89.9052963184549,       179,        23
-88.0050384744965,-89.94317775795483,     182.5,        21
-88.0050393463744,-89.98105924713192,       185,        23
-88.0050393463744,-90.01894075286808,     190.5,        27
-88.0050384744965,-90.05682224204517,       196,        26
-88.00503673074185,-90.09470368154511,     194.5,        26
-88.00503411511272,-90.13258503825007,       201,        29
-88.00503062761256,-90.17046627904269,       206,        31
-88.00502626824593,-90.20834737080619,       212,        28
-88.00502103701857,-90.24622828042462,       215,        28
-88.00501493393733,-90.2841089747829,     222.5,        29
-88.00500795901021,-90.32198942076714,     228.5,        29
-88.00500011224639,-90.35986958526475,     237.5,        27
-88.00499139365614,-90.3977494351646,       243,        24
-88.00498180325091,-90.43562893735721,     248.5,        26
-88.00497134104329,-90.47350805873492,       259,        28
-88.00496000704699,-90.5113867661921,       265,        26
-88.00494780127688,-90.54926502662528,       269,        27
-88.00493472374899,-90.58714280693327,       276,        29
-88.00492077448047,-90.6250200740175,       280,        30
-88.00490595348963,-90.66289679478201,       283,        29
-88.00489026079588,-90.70077293613375,     287.5,        27
-88.00487369641984,-90.73864846498267,       292,        26
-88.00485626038321,-90.77652334824199,       296,        26
-88.00483795270888,-90.81439755282827,       298,        26
-88.00481877342087,-90.85227104566162,     301.5,        27
-88.00479872254432,-90.89014379366591,       304,        26
-88.00477780010554,-90.92801576376893,     305.5,        25
-88.00475600613196,-90.96588692290246,       310,        25
-88.00473334065217,-91.00375723800263,       316,        24
-88.00470980369589,-91.04162667600997,     317.5,        23
-88.00468539529398,-91.07949520386958,       320,        24
-88.00466011547846,-91.11736278853132,     320.5,        26
-88.00463396428246,-91.15522939695003,       323,        27
-88.00460694174028,-91.19309499608566,     326.5,        26
-88.00457904788735,-91.23095955290341,     330.5,        26
-88.00455028276022,-91.26882303437399,     330.5,        26
-88.00452064639663,-91.30668540747372,     331.5,        26
-88.00449013883541,-91.3445466391847,       334,        26
-88.00445876011655,-91.38240669649505,     336.5,        26
-88.00442651028118,-91.42026554639905,       340,        24
-88.00439338937156,-91.45812315589723,       340,        24
-88.0043593974311,-91.49597949199669,     338.5,        25
-88.00432453450436,-91.53383452171116,     339.5,        25
-88.004288800637,-91.5716882120612,     337.5,        25
-88.00425219587585,-91.60954053007443,       337,        25
-88.00421472026886,-91.64739144278558,     337.5,        26
-88.00417637386515,-91.6852409172368,       336,        29
-88.00413715671493,-91.72308892047772,     333.5,        28
-88.00409706886957,-91.7609354195657,     331.5,        27
-88.00405611038157,-91.79878038156596,     328.5,        25
-88.00401428130459,-91.83662377355175,     326.5,        24
-88.00397158169341,-91.87446556260453,     321.5,        23
-88.0039280116039,-91.91230571581414,       322,        25
-88.00388357109317,-91.95014420027898,     324.5,        27
-88.00383826021935,-91.98798098310623,     324.5,        29
-88.00379207904177,-92.02581603141184,       322,        32
-88.00374502762089,-92.06364931232093,       327,        35
-88.00369710601829,-92.10148079296782,       328,        36
-88.00364831429668,-92.13931044049623,     329.5,        36
-88.00359865251991,-92.17713822205948,       328,        35
-88.00354812075297,-92.21496410482062,     330.5,        32
-88.00349671906196,-92.25278805595262,       333,        31
-88.00344444751411,-92.29061004263853,     338.5,        31
-88.00339130617783,-92.32843003207167,       342,        27
-88.00333729512261,-92.36624799145579,     342.5,        24
-88.00328241441906,-92.40406388800521,       342,        23
-88.00322666413898,-92.44187768894506,     340.5,        22
-88.00317004435526,-92.47968936151133,     340.5,        22
-88.00311255514188,-92.51749887295121,       342,        23
-88.00305419657404,-92.55530619052307,     341.5,        23
-88.002994968728,-92.59311128149679,       339,        26
-88.00293487168116,-92.63091411315385,     328.5,        27
-88.00287390551205,-92.66871465278747,     331.5,        30
-88.00281207030032,-92.70651286770284,     339.5,        31
-88.00274936612678,-92.74430872521728,     338.5,        31
-88.00268579307331,-92.78210219266037,     342.5,        31
-88.00262135122296,-92.81989323737415,     349.5,        32
-88.00255604065987,-92.85768182671328,       354,        32
-88.00248986146934,-92.89546792804522,       358,        31
-88.00242281373775,-92.93325150875035,     360.5,        30
-88.00235489755264,-92.97103253622218,       364,        32
-88.00228611300265,-93.00881097786755,     365.5,        35
-88.00221646017755,-93.04658680110671,     364.5,        36
-88.00214593916823,-93.08435997337354,       371,        35
-88.00207455006668,-93.12213046211571,     373.5,        32
-88.00200229296605,-93.15989823479487,     378.5,        31
-88.00192916796058,-93.19766325888672,       382,        32
-88.00185517514564,-93.23542550188137,       381,        32
-88.0017803146177,-93.27318493128323,       384,        33
-88.00170458647436,-93.31094151461144,     386.5,        35
-88.00162799081434,-93.34869521939991,       385,        34
-88.00155052773746,-93.38644601319744,       387,        30
-88.00147219734468,-93.42419386356799,     390.5,        30
-88.00139299973804,-93.46193873809082,     394.5,        31
-88.00131293502075,-93.49968060436056,       393,        32
-88.00123200329706,-93.53741942998752,     394.5,        33
-88.00115020467238,-93.57515518259773,     388.5,        33
-88.00106753925323,-93.6128878298332,       385,        33
-88.00098400714722,-93.65061733935202,       384,        32
-88.00089960846309,-93.68834367882853,       383,        29
-88.00081434331068,-93.72606681595352,     384.5,        26
-88.00072821180092,-93.76378671843432,     382.5,        27
-88.0006412140459,-93.80150335399512,       380,        27
-88.00055335015877,-93.83921669037689,       383,        26
-88.00046462025379,-93.87692669533779,     385.5,        22
-88.00037502444637,-93.91463333665317,       389,        19
-88.00028456285295,-93.95233658211576,     391.5,        19
-88.00019323559117,-93.99003639953594,       394,        21
-88.00010104277968,-94.02773275674171,     393.5,        25
-88.00000798453829,-94.06542562157902,       395,        29
-88.00003407519682,-85.44189860334906,     -19.5,         7
-88.00013844123761,-85.479567743342,       -21,         8
-88.00024194294467,-85.51724079970406,     -23.5,        10
-88.00034458018365,-85.55491774046649,     -26.5,        12
-88.00044635282134,-85.59259853364054,     -31.5,        13
-88.00054726072563,-85.63028314721758,       -35,        13
-88.00064730376543,-85.66797154916928,       -40,        13
-88.00074648181085,-85.70566370744774,       -44,        10
-88.00084479473301,-85.7433595899857,       -46,         8
-88.00094224240419,-85.78105916469661,     -47.5,         8
-88.00103882469776,-85.81876239947491,       -49,        10
-88.00113454148814,-85.85646926219606,       -51,        10
-88.0012293926509,-85.89417972071683,       -53,        10
-88.00132337806271,-85.93189374287535,       -55,        10
-88.00141649760133,-85.96961129649137,       -57,        12
-88.00150875114561,-86.00733234936629,     -62.5,        13
-88.00160013857553,-86.0450568692835,     -65.5,        12
-88.00169065977217,-86.08278482400837,     -70.5,         7
-88.0017803146177,-86.12051618128852,     -67.5,         7
-88.00186910299541,-86.15825090885393,       -65,         6
-88.0019570247897,-86.19598897441713,       -64,         5
-88.00204407988608,-86.23373034567334,       -65,         5
-88.00213026817114,-86.27147499030067,     -66.5,         2
-88.00221558953261,-86.30922287596024,     -66.5,         0
-88.00230004385934,-86.34697397029638,       -66,         2
-88.00238363104124,-86.38472824093672,       -65,         4
-88.00246635096937,-86.42248565549248,     -63.5,         1
-88.00254820353592,-86.46024618155855,       -64,         1
-88.00262918863416,-86.49800978671362,       -64,         3
-88.00270930615847,-86.53577643852044,     -64.5,         3
-88.00278855600436,-86.5735461045259,     -66.5,         4
-88.00286693806846,-86.61131875226128,       -68,         3
-88.00294445224851,-86.64909434924232,       -68,         2
-88.00302109844337,-86.68687286296944,     -68.5,         2
-88.00309687655299,-86.72465426092791,       -68,         3
-88.00317178647849,-86.76243851058801,     -66.5,         3
-88.00324582812205,-86.80022557940515,     -66.5,         0
-88.00331900138701,-86.83801543482009,     -66.5,         2
-88.00339130617783,-86.87580804425913,     -67.5,         4
-88.00346274240006,-86.91360337513419,     -70.5,         6
-88.0035333099604,-86.95140139484305,     -72.5,         6
-88.00360300876665,-86.98920207076944,       -74,        11
-88.00367183872775,-87.02700537028331,     -80.5,        18
-88.00373979975376,-87.06481126074094,     -87.5,        20
-88.00380689175584,-87.10261970948508,     -91.5,        19
-88.00387311464631,-87.14043068384518,     -95.5,        17
-88.00393846833859,-87.17824415113749,       -98,        15
-88.00400295274723,-87.21606007866529,      -102,        16
-88.0040665677879,-87.25387843371904,    -105.5,        16
-88.00412931337742,-87.29169918357653,    -109.5,        14
-88.00419118943373,-87.32952229550303,      -113,        14
-88.00425219587585,-87.3673477367515,      -117,        14
-88.004312332624,-87.40517547456278,      -120,        14
-88.00437159959947,-87.44300547616571,    -125.5,        16
-88.00442999672472,-87.48083770877727,      -132,        14
-88.00448752392332,-87.51867213960284,    -135.5,        12
-88.00454418111994,-87.55650873583629,      -138,        13
-88.00459996824046,-87.5943474646602,    -143.5,        11
-88.00465488521182,-87.632188293246,      -145,        10
-88.0047089319621,-87.67003118875415,    -140.5,        14
-88.00476210842055,-87.70787611833431,      -137,        14
-88.00481441451751,-87.74572304912552,      -133,        15
-88.00486585018447,-87.78357194825634,      -128,        16
-88.00491641535407,-87.82142278284505,      -123,        19
-88.00496610996007,-87.85927551999981,    -115.5,        21
-88.00501493393733,-87.89713012681882,    -107.5,        20
-88.0050628872219,-87.93498657039052,    -100.5,        22
-88.00510996975092,-87.97284481779371,       -91,        24
-88.00515618146271,-88.0107048360978,     -82.5,        21
-88.00520152229667,-88.04856659236289,     -76.5,        20
-88.00524599219341,-88.08643005364,     -68.5,        23
-88.00528959109459,-88.12429518697122,     -58.5,        23
-88.00533231894308,-88.16216195938991,       -52,        21
-88.00537417568283,-88.20003033792081,     -44.5,        24
-88.00541516125898,-88.23790028958028,       -35,        25
-88.00545527561778,-88.27577178137643,       -27,        21
-88.0054945187066,-88.31364478030932,     -20.5,        20
-88.00553289047397,-88.35151925337108,     -12.5,        20
-88.00557039086959,-88.38939516754616,      -6.5,        18
-88.00560701984423,-88.4272724898114,       0.5,        17
-88.00564277734986,-88.46515118713634,         7,        16
-88.00567766333957,-88.50303122648326,        13,        19
-88.00571167776756,-88.54091257480741,      21.5,        20
-88.00574482058923,-88.5787951990572,      27.5,        19
-88.00577709176108,-88.61667906617434,        34,        19
-88.00580849124073,-88.65456414309401,      40.5,        17
-88.00583901898699,-88.69245039674506,        45,        15
-88.00586867495981,-88.73033779405019,      49.5,        15
-88.00589745912023,-88.76822630192605,      53.5,        15
-88.00592537143051,-88.80611588728353,      57.5,        15
-88.00595241185397,-88.84400651702781,        62,        16
-88.00597858035512,-88.88189815805863,        69,        15
-88.00600387689961,-88.91979077727041,      73.5,        12
-88.00602830145422,-88.95768434155242,      76.5,        10
-88.00605185398689,-88.99557881778902,      78.5,        11
-88.00607453446669,-89.03347417285977,      82.5,        11
-88.00609634286384,-89.07137037363955,      84.5,         9
-88.00611727914969,-89.10926738699889,      87.5,         9
-88.00613734329674,-89.14716517980402,      90.5,        12
-88.00615653527868,-89.18506371891706,        96,        15
-88.00617485507026,-89.22296297119625,     101.5,        15
-88.00619230264743,-89.26086290349608,       106,        16
-88.00620887798728,-89.29876348266744,     110.5,        16
-88.00622458106804,-89.33666467555784,     115.5,        17
-88.00623941186907,-89.37456644901157,     120.5,        19
-88.00625337037091,-89.4124687698699,     126.5,        19
-88.00626645655522,-89.45037160497118,     131.5,        16
-88.00627867040478,-89.48827492115107,     135.5,        15
-88.00629001190359,-89.52617868524273,     138.5,        16
-88.0063004810367,-89.56408286407692,     141.5,        15
-88.0063100777904,-89.60198742448229,       147,        11
-88.00631880215207,-89.63989233328543,       149,        13
-88.00632665411023,-89.67779755731111,     153.5,        18
-88.00633363365458,-89.71570306338246,     152.5,        22
-88.00633974077594,-89.75360881832114,       156,        24
-88.00634497546631,-89.79151478894747,     160.5,        22
-88.00634933771877,-89.82942094208065,       163,        20
-88.00635282752764,-89.86732724453891,     162.5,        24
-88.00635544488829,-89.90523366313973,       170,        27
-88.0063571897973,-89.94314016469995,       173,        26
-88.00635806225237,-89.98104671603599,     175.5,        27
-88.00635806225237,-90.01895328396401,       179,        28
-88.0063571897973,-90.05685983530005,       185,        26
-88.00635544488829,-90.09476633686027,       190,        22
-88.00635282752764,-90.13267275546109,       191,        24
-88.00634933771877,-90.17057905791935,       195,        28
-88.00634497546631,-90.20848521105253,     203.5,        28
-88.00633974077594,-90.24639118167886,     206.5,        29
-88.00633363365458,-90.28429693661754,       212,        32
-88.00632665411023,-90.32220244268889,     222.5,        31
-88.00631880215207,-90.36010766671458,       231,        28
-88.0063100777904,-90.39801257551771,       241,        22
-88.0063004810367,-90.43591713592308,     244.5,        23
-88.00629001190359,-90.47382131475729,       250,        28
-88.00627867040478,-90.51172507884893,       255,        28
-88.00626645655522,-90.54962839502882,       259,        27
-88.00625337037091,-90.5875312301301,       262,        29
-88.00623941186907,-90.62543355098843,     267.5,        31
-88.00622458106804,-90.66333532444216,       272,        30
-88.00620887798728,-90.70123651733256,     277.5,        28
-88.00619230264743,-90.73913709650392,       283,        27
-88.00617485507026,-90.77703702880375,     286.5,        26
-88.00615653527868,-90.81493628108294,       289,        26
-88.00613734329674,-90.85283482019598,     290.5,        28
-88.00611727914969,-90.89073261300111,     295.5,        28
-88.00609634286384,-90.92862962636045,       297,        26
-88.00607453446669,-90.96652582714025,     302.5,        27
-88.00605185398689,-91.00442118221098,       306,        27
-88.00602830145422,-91.04231565844758,       309,        27
-88.00600387689961,-91.08020922272959,       311,        27
-88.00597858035512,-91.11810184194137,       311,        26
-88.00595241185397,-91.15599348297219,     313.5,        27
-88.00592537143051,-91.19388411271647,       318,        28
-88.00589745912023,-91.23177369807395,       318,        27
-88.00586867495981,-91.26966220594981,     320.5,        25
-88.00583901898699,-91.30754960325494,       321,        25
-88.00580849124073,-91.34543585690599,       325,        26
-88.00577709176108,-91.38332093382566,       324,        27
-88.00574482058923,-91.4212048009428,       328,        28
-88.00571167776756,-91.45908742519259,     329.5,        28
-88.00567766333957,-91.49696877351674,       328,        27
-88.00564277734986,-91.53484881286366,     328.5,        27
-88.00560701984423,-91.5727275101886,       326,        28
-88.00557039086959,-91.61060483245384,       328,        29
-88.00553289047397,-91.64848074662892,     326.5,        30
-88.0054945187066,-91.68635521969068,     325.5,        31
-88.00545527561778,-91.72422821862357,       323,        31
-88.00541516125898,-91.76209971041973,     321.5,        30
-88.00537417568283,-91.79996966207921,     318.5,        27
-88.00533231894308,-91.83783804061009,     318.5,        24
-88.00528959109459,-91.87570481302879,     314.5,        21
-88.00524599219341,-91.91356994636,     311.5,        21
-88.00520152229667,-91.95143340763711,       313,        23
-88.00515618146271,-91.9892951639022,     314.5,        23
-88.00510996975092,-92.02715518220629,       313,        24
-88.0050628872219,-92.06501342960948,       311,        29
-88.00501493393733,-92.10286987318118,       313,        32
-88.00496610996007,-92.14072448000019,     315.5,        30
-88.00491641535407,-92.17857721715495,     315.5,        27
-88.00486585018447,-92.21642805174366,       319,        27
-88.00481441451751,-92.25427695087448,     321.5,        27
-88.00476210842055,-92.29212388166569,       324,        31
-88.0047089319621,-92.32996881124585,       330,        33
-88.00465488521182,-92.367811706754,       333,        32
-88.00459996824046,-92.4056525353398,       330,        29
-88.00454418111994,-92.44349126416371,       332,        27
-88.00448752392332,-92.48132786039716,       330,        28
-88.00442999672472,-92.51916229122273,       330,        28
-88.00437159959947,-92.55699452383429,       335,        24
-88.004312332624,-92.59482452543722,       332,        21
-88.00425219587585,-92.6326522632485,       330,        17
-88.00419118943373,-92.67047770449697,     326.5,        18
-88.00412931337742,-92.70830081642347,       328,        22
-88.0040665677879,-92.74612156628096,       327,        23
-88.00400295274723,-92.78393992133471,       333,        28
-88.00393846833859,-92.82175584886251,     337.5,        32
-88.00387311464631,-92.85956931615483,       341,        33
-88.00380689175584,-92.89738029051492,       344,        33
-88.00373979975376,-92.93518873925906,       349,        34
-88.00367183872775,-92.97299462971669,     350.5,        38
-88.00360300876665,-93.01079792923056,     348.5,        38
-88.0035333099604,-93.04859860515697,       349,        35
-88.00346274240006,-93.08639662486581,     356.5,        35
-88.00339130617783,-93.12419195574087,     361.5,        34
-88.00331900138701,-93.16198456517991,     367.5,        33
-88.00324582812205,-93.19977442059485,       368,        31
-88.00317178647849,-93.23756148941199,     369.5,        29
-88.00309687655299,-93.27534573907209,       372,        28
-88.00302109844337,-93.31312713703056,     370.5,        28
-88.00294445224851,-93.35090565075768,     373.5,        26
-88.00286693806846,-93.38868124773872,       378,        26
-88.00278855600436,-93.4264538954741,     378.5,        31
-88.00270930615847,-93.46422356147957,     379.5,        36
-88.00262918863416,-93.50199021328638,     379.5,        37
-88.00254820353592,-93.53975381844145,     375.5,        36
-88.00246635096937,-93.57751434450752,     373.5,        34
-88.00238363104124,-93.61527175906328,       372,        31
-88.00230004385934,-93.65302602970364,       370,        29
-88.00221558953261,-93.69077712403976,     373.5,        27
-88.00213026817114,-93.72852500969933,       376,        25
-88.00204407988608,-93.76626965432666,       373,        22
-88.0019570247897,-93.80401102558288,     373.5,        18
-88.00186910299541,-93.84174909114607,       375,        17
-88.0017803146177,-93.87948381871148,     378.5,        19
-88.00169065977217,-93.91721517599163,       381,        21
-88.00160013857553,-93.9549431307165,       385,        22
-88.00150875114561,-93.99266765063371,       386,        23
-88.00141649760133,-94.03038870350863,     385.5,        25
-88.00132337806271,-94.06810625712465,       384,        27
-88.0012293926509,-94.10582027928318,     384.5,        30
-88.00113454148814,-94.14353073780394,       393,        31
-88.00103882469776,-94.18123760052511,     397.5,        28
-88.00094224240419,-94.2189408353034,       397,        25
-88.00084479473301,-94.2566404100143,       398,        24
-88.00074648181085,-94.29433629255226,       401,        27
-88.00064730376543,-94.33202845083072,       404,        30
-88.00054726072563,-94.36971685278242,       407,        31
-88.00044635282134,-94.40740146635946,       410,        30
-88.00034458018365,-94.44508225953351,     411.5,        26
-88.00024194294467,-94.48275920029594,       410,        24
-88.00013844123761,-94.520432256658,     409.5,        25
-88.00003407519682,-94.55810139665094,     412.5,        28
-88.00002798734603,-84.98688624496418,     -58.5,        26
-88.00014278994094,-85.02453043052279,     -52.5,        21
-88.00025672934048,-85.0621789229123,     -47.5,        24
-88.00036980539696,-85.0998316903555,       -35,        25
-88.00048201796379,-85.13748870105323,     -29.5,        17
-88.00059336689549,-85.17514992318448,     -27.5,        12
-88.00070385204762,-85.21281532490656,       -24,        10
-88.00081347327685,-85.25048487435529,       -21,         8
-88.00092223044096,-85.2881585396451,     -18.5,         6
-88.00103012339881,-85.32583628886923,     -16.5,         2
-88.00113715201032,-85.36351809009987,     -16.5,         4
-88.00124331613652,-85.40120391138831,       -18,         9
-88.00134861563957,-85.43889372076514,       -21,        12
-88.00145305038266,-85.47658748624033,     -24.5,        12
-88.00155662023013,-85.51428517580351,     -26.5,        12
-88.00165932504738,-85.55198675742396,     -30.5,        13
-88.00176116470094,-85.58969219905096,       -34,        13
-88.00186213905839,-85.62740146861377,     -38.5,        13
-88.00196224798844,-85.66511453402192,     -42.5,        12
-88.00206149136091,-85.70283136316534,     -45.5,        10
-88.00215986904669,-85.74055192391444,     -48.5,        10
-88.0022573809178,-85.7782761841204,     -50.5,        11
-88.00235402684733,-85.8160041116152,     -53.5,        12
-88.00244980670949,-85.85373567421189,       -55,        11
-88.0025447203796,-85.89147083970471,       -56,        10
-88.00263876773408,-85.92920957586922,     -57.5,         9
-88.00273194865045,-85.96695185046248,     -60.5,        10
-88.00282426300731,-86.00469763122327,       -64,        10
-88.00291571068443,-86.04244688587215,     -67.5,         8
-88.00300629156264,-86.0801995821117,     -69.5,         2
-88.00309600552389,-86.11795568762666,       -68,         4
-88.00318485245123,-86.15571517008408,     -66.5,         5
-88.00327283222882,-86.19347799713348,       -66,         4
-88.00335994474193,-86.23124413640707,       -66,         1
-88.00344618987698,-86.26901355551981,       -66,         0
-88.00353156752145,-86.30678622206968,     -65.5,         2
-88.00361607756395,-86.34456210363778,     -64.5,         3
-88.0036997198942,-86.38234116778851,     -63.5,         1
-88.00378249440305,-86.42012338206972,       -64,         2
-88.00386440098247,-86.45790871401293,       -65,         3
-88.00394543952549,-86.49569713113341,       -66,         3
-88.00402560992632,-86.53348860093043,       -66,         3
-88.00410491208025,-86.57128309088733,     -66.5,         2
-88.0041833458837,-86.60908056847178,     -67.5,         1
-88.00426091123423,-86.64688100113592,     -67.5,         0
-88.00433760803045,-86.68468435631648,       -68,         1
-88.00441343617219,-86.72249060143497,       -67,         2
-88.0044883955603,-86.76029970389787,       -66,         1
-88.0045624860968,-86.79811163109679,       -66,         1
-88.00463570768486,-86.83592635040858,     -67.5,         3
-88.00470806022869,-86.8737438291956,     -68.5,         4
-88.00477954363372,-86.91156403480581,     -70.5,         7
-88.00485015780642,-86.94938693457294,       -73,         8
-88.00491990265444,-86.98721249581665,     -76.5,        13
-88.0049887780865,-87.02504068584281,       -83,        20
-88.00505678401251,-87.06287147194348,     -91.5,        21
-88.00512392034346,-87.10070482139723,       -98,        18
-88.00519018699148,-87.13854070146924,    -101.5,        14
-88.00525558386984,-87.17637907941148,    -102.5,        12
-88.0053201108929,-87.2142199224629,    -105.5,        13
-88.00538376797617,-87.25206319784957,    -109.5,        13
-88.0054465550363,-87.28990887278481,    -113.5,        11
-88.00550847199106,-87.32775691446949,    -115.5,        13
-88.00556951875934,-87.36560729009206,    -120.5,        14
-88.00562969526118,-87.40345996682878,      -124,        13
-88.00568900141772,-87.44131491184392,      -127,        15
-88.00574743715126,-87.47917209228983,    -132.5,        16
-88.00580500238522,-87.51703147530723,    -138.5,        14
-88.00586169704414,-87.5548930280253,      -142,        13
-88.00591752105372,-87.59275671756188,      -146,        10
-88.00597247434078,-87.63062251102363,    -146.5,         6
-88.00602655683325,-87.6684903755062,    -145.5,        12
-88.00607976846024,-87.70636027809438,    -139.5,        14
-88.00613210915195,-87.74423218586234,      -136,        14
-88.00618357883974,-87.78210606587373,    -130.5,        14
-88.00623417745611,-87.81998188518189,    -125.5,        19
-88.00628390493468,-87.85785961082996,    -117.5,        24
-88.00633276121019,-87.89573920985117,      -109,        21
-88.00638074621858,-87.93362064926889,    -101.5,        22
-88.00642785989685,-87.97150389609683,     -93.5,        21
-88.00647410218319,-88.00938891733931,     -86.5,        26
-88.00651947301691,-88.04727567999127,       -78,        27
-88.00656397233844,-88.08516415103855,       -71,        25
-88.0066076000894,-88.12305429745807,     -61.5,        23
-88.00665035621249,-88.16094608621793,       -56,        20
-88.00669224065159,-88.19883948427764,       -49,        25
-88.0067332533517,-88.23673445858824,       -38,        26
-88.00677339425897,-88.27463097609254,       -30,        21
-88.00681266332067,-88.31252900372526,     -23.5,        21
-88.00685106048525,-88.35042850841316,       -16,        21
-88.00688858570226,-88.3883294570753,        -9,        21
-88.00692523892242,-88.42623181662313,        -1,        20
-88.00696102009758,-88.4641355539607,       5.5,        18
-88.00699592918073,-88.50204063598483,      10.5,        19
-88.00702996612601,-88.53994702958532,      17.5,        19
-88.00706313088871,-88.57785470164502,        23,        20
-88.00709542342523,-88.61576361904014,        31,        20
-88.00712684369313,-88.6536737486403,      36.5,        17
-88.00715739165115,-88.69158505730877,        41,        16
-88.00718706725911,-88.72949751190264,        46,        15
-88.00721587047803,-88.76741107927297,      49.5,        16
-88.00724380127005,-88.80532572626498,        56,        15
-88.00727085959845,-88.84324141971823,      60.5,        15
-88.00729704542765,-88.88115812646676,      66.5,        15
-88.00732235872323,-88.9190758133393,      70.5,        13
-88.00734679945192,-88.95699444715946,      74.5,        11
-88.00737036758159,-88.99491399474583,      77.5,         9
-88.00739306308124,-89.03283442291219,        80,         9
-88.00741488592104,-89.07075569846775,        83,         9
-88.00743583607228,-89.10867778821724,        86,        11